<xml xmlns:o="urn:schemas-microsoft-com:office:office">
 <o:File HRef="v3_document.htm"/>
 <o:File HRef="preview.wmf"/>
 <o:File HRef="v3_next_active.gif"/>
 <o:File HRef="v3_next_disabled.gif"/>
 <o:File HRef="v3_prev_active.gif"/>
 <o:File HRef="v3_prev_disabled.gif"/>
 <o:File HRef="v3_outline_collapse.gif"/>
 <o:File HRef="v3_outline_expand.gif"/>
 <o:File HRef="v3_space.gif"/>
 <o:File HRef="v3_endshow.htm"/>
 <o:File HRef="v3_navigation_bar.htm"/>
 <o:File HRef="v3_outline_navigation_bar.htm"/>
 <o:File HRef="v3_outline_collapsed.htm"/>
 <o:File HRef="v3_outline_expanded.htm"/>
 <o:File HRef="v3_blank_notes.htm"/>
 <o:File HRef="master04.htm"/>
 <o:File HRef="master04.xml"/>
 <o:File HRef="master05.htm"/>
 <o:File HRef="master05.xml"/>
 <o:File HRef="pres.xml"/>
 <o:File HRef="v3_slide0001.htm"/>
 <o:File HRef="v3_master05_background.gif"/>
 <o:File HRef="v3_slide0001_image001.jpg"/>
 <o:File HRef="v3_slide0002.htm"/>
 <o:File HRef="v3_master04_background.gif"/>
 <o:File HRef="v3_slide0003.htm"/>
 <o:File HRef="v3_slide0004.htm"/>
 <o:File HRef="v3_slide0005.htm"/>
 <o:File HRef="v3_slide0006.htm"/>
 <o:File HRef="v3_slide0007.htm"/>
 <o:File HRef="v3_slide0009.htm"/>
 <o:File HRef="v3_slide0010.htm"/>
 <o:File HRef="v3_slide0008.htm"/>
 <o:File HRef="v3_slide0011.htm"/>
 <o:File HRef="v3_slide0012.htm"/>
 <o:File HRef="v3_slide0013.htm"/>
 <o:File HRef="v3_slide0014.htm"/>
 <o:File HRef="v3_slide0014_image002.gif"/>
 <o:File HRef="v3_slide0015.htm"/>
 <o:File HRef="v3_slide0015_image003.gif"/>
 <o:File HRef="v3_slide0016.htm"/>
 <o:File HRef="v3_slide0017.htm"/>
 <o:File HRef="v3_slide0018.htm"/>
 <o:File HRef="v3_slide0019.htm"/>
 <o:File HRef="v3_slide0020.htm"/>
 <o:File HRef="v3_slide0021.htm"/>
 <o:File HRef="v3_slide0021_image004.gif"/>
 <o:File HRef="v3_slide0022.htm"/>
 <o:File HRef="v3_slide0022_background.gif"/>
 <o:File HRef="slide0001.htm"/>
 <o:File HRef="master05_image005.gif"/>
 <o:File HRef="slide0001_image006.jpg"/>
 <o:File HRef="slide0001_image007.jpg"/>
 <o:File HRef="slide0002.htm"/>
 <o:File HRef="master04_image008.gif"/>
 <o:File HRef="master04_image009.gif"/>
 <o:File HRef="master04_image010.gif"/>
 <o:File HRef="master04_image011.gif"/>
 <o:File HRef="slide0003.htm"/>
 <o:File HRef="slide0004.htm"/>
 <o:File HRef="slide0005.htm"/>
 <o:File HRef="slide0006.htm"/>
 <o:File HRef="slide0007.htm"/>
 <o:File HRef="slide0009.htm"/>
 <o:File HRef="slide0010.htm"/>
 <o:File HRef="slide0008.htm"/>
 <o:File HRef="slide0011.htm"/>
 <o:File HRef="slide0012.htm"/>
 <o:File HRef="slide0013.htm"/>
 <o:File HRef="slide0014.htm"/>
 <o:File HRef="slide0015.htm"/>
 <o:File HRef="slide0016.htm"/>
 <o:File HRef="slide0017.htm"/>
 <o:File HRef="slide0018.htm"/>
 <o:File HRef="slide0019.htm"/>
 <o:File HRef="slide0020.htm"/>
 <o:File HRef="slide0021.htm"/>
 <o:File HRef="slide0022.htm"/>
 <o:File HRef="slide0022_image012.jpg"/>
 <o:File HRef="master04_stylesheet.css"/>
 <o:MainFile HRef="../BSDHosting.html"/>
 <o:File HRef="error.htm"/>
 <o:File HRef="fullscreen.htm"/>
 <o:File HRef="outline.htm"/>
 <o:File HRef="buttons.gif"/>
 <o:File HRef="frame.htm"/>
 <o:File HRef="script.js"/>
 <o:File HRef="filelist.xml"/>
</xml>