<xml xmlns:v="urn:schemas-microsoft-com:vml"
 xmlns:o="urn:schemas-microsoft-com:office:office"
 xmlns:p="urn:schemas-microsoft-com:office:powerpoint">
 <o:shapelayout v:ext="edit">
  <o:idmap v:ext="edit" data="4"/>
 </o:shapelayout><p:colorscheme
  colors="#FFFFFF,#000000,#1C1C1C,#333399,#00E4A8,#33A8CD,#3333FF,#FF0000"/>
 <v:background id="_x0000_s4097" o:bwmode="white" fillcolor="#ffc"/>
 <p:shaperange id="_x0000_s4098">
  <v:group id="_x0000_s4098" style='position:absolute;left:0;top:192pt;width:709.375pt;
   height:82.875pt' coordorigin=",1536" coordsize="5675,663">
   <v:group id="_x0000_s4099" style='position:absolute;left:183;top:1604;
    width:448;height:299' coordorigin="720,336" coordsize="624,432">
    <v:rect id="_x0000_s4100" style='position:absolute;left:720;top:336;
     width:384;height:432;mso-wrap-style:none;v-text-anchor:middle'
     fillcolor="red [7]" stroked="f" strokecolor="black [1]">
     <v:shadow color="#1c1c1c [2]"/>
    </v:rect><v:rect id="_x0000_s4101" style='position:absolute;left:1056;
     top:336;width:288;height:432;mso-wrap-style:none;v-text-anchor:middle'
     fillcolor="red [7]" stroked="f" strokecolor="black [1]">
     <v:fill color2="white [0]" angle="-90" focus="100%" type="gradient"/>
     <v:shadow color="#1c1c1c [2]"/>
    </v:rect></v:group><v:group id="_x0000_s4102" style='position:absolute;
    left:261;top:1870;width:465;height:299' coordorigin="912,2640" coordsize="672,432">
    <v:rect id="_x0000_s4103" style='position:absolute;left:912;top:2640;
     width:384;height:432;mso-wrap-style:none;v-text-anchor:middle'
     fillcolor="#33a8cd [5]" stroked="f" strokecolor="black [1]">
     <v:shadow color="#1c1c1c [2]"/>
    </v:rect><v:rect id="_x0000_s4104" style='position:absolute;left:1248;
     top:2640;width:336;height:432;mso-wrap-style:none;v-text-anchor:middle'
     fillcolor="#33a8cd [5]" stroked="f" strokecolor="black [1]">
     <v:fill color2="white [0]" angle="-90" focus="100%" type="gradient"/>
     <v:shadow color="#1c1c1c [2]"/>
    </v:rect></v:group><v:rect id="_x0000_s4105" style='position:absolute;
    top:1824;width:353;height:266;mso-wrap-style:none;v-text-anchor:middle'
    fillcolor="#33f [6]" stroked="f" strokecolor="black [1]">
    <v:fill color2="white [0]" angle="-45" type="gradient"/>
    <v:shadow color="#1c1c1c [2]"/>
   </v:rect><v:rect id="_x0000_s4106" style='position:absolute;left:400;top:1536;
    width:20;height:663;mso-wrap-style:none;v-text-anchor:middle' fillcolor="#1c1c1c [2]"
    stroked="f" strokecolor="#1c1c1c [2]">
    <v:shadow color="#1c1c1c [2]"/>
   </v:rect><v:rect id="_x0000_s4107" style='position:absolute;left:199;top:2054;
    width:5476;height:35;flip:y;mso-wrap-style:none;v-text-anchor:middle'
    o:allowincell="f" fillcolor="#1c1c1c [2]" stroked="f" strokecolor="black [1]">
    <v:fill color2="white [0]" angle="-90" focus="100%" type="gradient"/>
    <v:shadow color="#1c1c1c [2]"/>
   </v:rect></v:group></p:shaperange>
 <p:shaperange id="_x0000_m4108">
  <v:shapetype id="_x0000_m4108" style='position:absolute;left:78pt;top:2in;
   width:612pt;height:90pt;v-text-anchor:bottom' coordsize="21600,21600"
   o:master="" o:spt="1" path="m0,0l0,21600,21600,21600,21600,0xe" filled="f"
   fillcolor="#00e4a8 [4]" stroked="f" strokecolor="black [1]">
   <v:fill color2="white [0]" o:detectmouseclick="t"/>
   <v:stroke joinstyle="miter" o:forcedash="t"/>
   <v:shadow color="#1c1c1c [2]"/>
   <v:path gradientshapeok="t" o:connecttype="rect"/>
   <o:lock v:ext="edit" grouping="t"/>
   <p:placeholder type="centerTitle"/>
  </v:shapetype></p:shaperange>
 <p:shaperange id="_x0000_m4109">
  <v:shapetype id="_x0000_m4109" style='position:absolute;left:108pt;top:306pt;
   width:7in;height:138pt' coordsize="21600,21600" o:master="" o:spt="1"
   path="m0,0l0,21600,21600,21600,21600,0xe" filled="f" fillcolor="#00e4a8 [4]"
   stroked="f" strokecolor="black [1]">
   <v:fill color2="white [0]" o:detectmouseclick="t"/>
   <v:stroke joinstyle="miter" o:forcedash="t"/>
   <v:shadow color="#1c1c1c [2]"/>
   <v:path gradientshapeok="t" o:connecttype="rect"/>
   <o:lock v:ext="edit" grouping="t"/>
   <p:placeholder type="subTitle" position="1"/>
  </v:shapetype></p:shaperange>
 <p:shaperange id="_x0000_s4110">
  <v:shapetype id="_x0000_s4110" style='position:absolute;left:78pt;top:492pt;
   width:150pt;height:36pt;v-text-anchor:bottom' coordsize="21600,21600"
   o:master="" o:spt="1" path="m0,0l0,21600,21600,21600,21600,0xe" filled="f"
   fillcolor="#00e4a8 [4]" stroked="f" strokecolor="black [1]">
   <v:fill color2="white [0]" o:detectmouseclick="t"/>
   <v:stroke joinstyle="miter" o:forcedash="t"/>
   <v:shadow color="#1c1c1c [2]"/>
   <v:path gradientshapeok="t" o:connecttype="rect"/>
   <o:lock v:ext="edit" grouping="t"/>
   <p:placeholder type="dateTime" position="2" size="half"/>
  </v:shapetype></p:shaperange>
 <p:shaperange id="_x0000_s4111">
  <v:shapetype id="_x0000_s4111" style='position:absolute;left:270pt;top:492pt;
   width:228pt;height:36pt;v-text-anchor:bottom' coordsize="21600,21600"
   o:master="" o:spt="1" path="m0,0l0,21600,21600,21600,21600,0xe" filled="f"
   fillcolor="#00e4a8 [4]" stroked="f" strokecolor="black [1]">
   <v:fill color2="white [0]" o:detectmouseclick="t"/>
   <v:stroke joinstyle="miter" o:forcedash="t"/>
   <v:shadow color="#1c1c1c [2]"/>
   <v:path gradientshapeok="t" o:connecttype="rect"/>
   <o:lock v:ext="edit" grouping="t"/>
   <p:placeholder type="footer" position="3" size="quarter"/>
  </v:shapetype></p:shaperange>
 <p:shaperange id="_x0000_s4112">
  <v:shapetype id="_x0000_s4112" style='position:absolute;left:540pt;top:492pt;
   width:150pt;height:36pt;v-text-anchor:bottom' coordsize="21600,21600"
   o:master="" o:spt="1" path="m0,0l0,21600,21600,21600,21600,0xe" filled="f"
   fillcolor="#00e4a8 [4]" stroked="f" strokecolor="black [1]">
   <v:fill color2="white [0]" o:detectmouseclick="t"/>
   <v:stroke joinstyle="miter" o:forcedash="t"/>
   <v:shadow color="#1c1c1c [2]"/>
   <v:path gradientshapeok="t" o:connecttype="rect"/>
   <o:lock v:ext="edit" grouping="t"/>
   <p:placeholder type="slideNumber" position="4" size="quarter"/>
  </v:shapetype></p:shaperange>
</xml>