<xml xmlns:v="urn:schemas-microsoft-com:vml"
 xmlns:o="urn:schemas-microsoft-com:office:office"
 xmlns:p="urn:schemas-microsoft-com:office:powerpoint">
 <p:presentation hidecomments="t">
  <p:master id="4" type="main" href="master04.htm" xmlhref="master04.xml"
   template="Blends" layout="title_body"
   slots="title,body,dateTime,footer,slideNumber">
   <p:schemes>
    <p:colorscheme
     colors="#000000,#FFFFFF,#969696,#DDDDDD,#00E4A8,#3333CC,#FF5050,#FFCF01"/>
    <p:colorscheme
     colors="#FFFFFF,#000000,#1C1C1C,#333399,#00E4A8,#FFCF01,#FF0000,#3333CC"/>
    <p:colorscheme
     colors="#FFFFFF,#000000,#5F5F5F,#000000,#EAEAEA,#808080,#4D4D4D,#C0C0C0"/>
    <p:colorscheme
     colors="#0000CC,#FFFFFF,#000094,#FFFFCC,#3193FF,#9900FF,#FF3399,#FFCC00"/>
    <p:colorscheme
     colors="#FFFFFF,#000000,#333333,#000066,#C4709A,#4B4EB5,#C481CF,#76B749"/>
    <p:colorscheme
     colors="#FFFFFF,#000000,#969696,#6A4076,#DBA9C2,#E1BF91,#B3CE82,#B8AD48"/>
    <p:colorscheme
     colors="#FFFFFF,#000000,#808080,#515F7B,#9FCAD3,#C0C0C0,#91AFBF,#ECEAAC"/>
   </p:schemes>
  </p:master>
  <p:master id="5" type="title" href="master05.htm" xmlhref="master05.xml"
   layout="title_subtitle"
   slots="centerTitle,subTitle,dateTime,footer,slideNumber"/>
  <p:slide id="1" href="slide0001.htm" masterhref="master05.htm"
   layout="title_subtitle" slots="centerTitle,subTitle"/>
  <p:slide id="2" href="slide0002.htm" layout="title_body" slots="title,body"/>
  <p:slide id="3" href="slide0003.htm" layout="title_body" slots="title,body"/>
  <p:slide id="4" href="slide0004.htm" layout="title_body" slots="title,body"/>
  <p:slide id="5" href="slide0005.htm" layout="title_body" slots="title,body"/>
  <p:slide id="6" href="slide0006.htm" layout="title_body" slots="title,body"/>
  <p:slide id="7" href="slide0007.htm" layout="title_body" slots="title,body"/>
  <p:slide id="9" href="slide0009.htm" layout="title_body" slots="title,body"/>
  <p:slide id="10" href="slide0010.htm" layout="title_body" slots="title,body"/>
  <p:slide id="8" href="slide0008.htm" layout="title_body" slots="title,body"/>
  <p:slide id="11" href="slide0011.htm" layout="title_body" slots="title,body"/>
  <p:slide id="12" href="slide0012.htm" layout="title_body" slots="title,body"/>
  <p:slide id="13" href="slide0013.htm" layout="title_body" slots="title,body"/>
  <p:slide id="14" href="slide0014.htm" layout="title_body" slots="title,body"/>
  <p:slide id="15" href="slide0015.htm" layout="title_body" slots="title,body"/>
  <p:slide id="16" href="slide0016.htm" layout="title_body" slots="title,body"/>
  <p:slide id="17" href="slide0017.htm" layout="title_body" slots="title,body"/>
  <p:slide id="18" href="slide0018.htm" layout="title_body" slots="title,body"/>
  <p:slide id="19" href="slide0019.htm" layout="title_body" slots="title,body"/>
  <p:slide id="20" href="slide0020.htm" layout="title_body" slots="title,body"/>
  <p:slide id="21" href="slide0021.htm" layout="title_body" slots="title,body"/>
  <p:slide id="22" href="slide0022.htm" layout="title_body" slots="title,body"/>
  <p:viewstate type="outline" vertbarstate="0" horizbarstate="2"/>
  <p:font name="Times New Roman" charset="0" type="4" family="18"/>
  <p:font name="Tahoma" charset="0" type="4" family="34"/>
  <p:font name="Wingdings" charset="2" type="4" family="2"/>
  <p:font name="MS Shell Dlg" charset="0"/>
  <p:headersfooters noheader="t"/>
  <p:pptdocumentsettings framecolors="WhiteTextOnBlack" hideslideanimation="t"
   browsersupport="dual"/>
  <p:htmlpublishsettings browsersupport="dual"
   href="C:\Documents and Settings\Administrator\My Documents\BSDHosting.html"
   hidespeakernote="t"/>
 </p:presentation>
 <o:shapedefaults v:ext="edit" spidmax="28674" style='mso-wrap-style:none'>
  <o:colormru v:ext="edit" colors="#ffc"/>
 </o:shapedefaults></xml>